{
  "formatVersion": 1,
  "database": {
    "version": 1,
    "identityHash": "1a02fa81328c163220b7360e9852c7fa",
    "entities": [
      {
        "tableName": "Users",
        "createSql": "CREATE TABLE IF NOT EXISTS `${TABLE_NAME}` (`id` INTEGER PRIMARY KEY AUTOINCREMENT NOT NULL DEFAULT 0, `email` TEXT NOT NULL, `nome` TEXT, `profilePic` TEXT, `gServerAuthCode` TEXT, `gToken` TEXT, `tel` TEXT, `eventiCreati` TEXT, `eventiIscritto` TEXT, `numEvOrg` INTEGER, `valutazioneMedia` REAL)",
        "fields": [
          {
            "fieldPath": "id",
            "columnName": "id",
            "affinity": "INTEGER",
            "notNull": true,
            "defaultValue": "0"
          },
          {
            "fieldPath": "email",
            "columnName": "email",
            "affinity": "TEXT",
            "notNull": true
          },
          {
            "fieldPath": "nome",
            "columnName": "nome",
            "affinity": "TEXT",
            "notNull": false
          },
          {
            "fieldPath": "profilePic",
            "columnName": "profilePic",
            "affinity": "TEXT",
            "notNull": false
          },
          {
            "fieldPath": "gServerAuthCode",
            "columnName": "gServerAuthCode",
            "affinity": "TEXT",
            "notNull": false
          },
          {
            "fieldPath": "gToken",
            "columnName": "gToken",
            "affinity": "TEXT",
            "notNull": false
          },
          {
            "fieldPath": "tel",
            "columnName": "tel",
            "affinity": "TEXT",
            "notNull": false
          },
          {
            "fieldPath": "eventiCreati",
            "columnName": "eventiCreati",
            "affinity": "TEXT",
            "notNull": false
          },
          {
            "fieldPath": "eventiIscritto",
            "columnName": "eventiIscritto",
            "affinity": "TEXT",
            "notNull": false
          },
          {
            "fieldPath": "numEvOrg",
            "columnName": "numEvOrg",
            "affinity": "INTEGER",
            "notNull": false
          },
          {
            "fieldPath": "valutazioneMedia",
            "columnName": "valutazioneMedia",
            "affinity": "REAL",
            "notNull": false
          }
        ],
        "primaryKey": {
          "columnNames": [
            "id"
          ],
          "autoGenerate": true
        },
        "indices": [],
        "foreignKeys": []
      }
    ],
    "views": [],
    "setupQueries": [
      "CREATE TABLE IF NOT EXISTS room_master_table (id INTEGER PRIMARY KEY,identity_hash TEXT)",
      "INSERT OR REPLACE INTO room_master_table (id,identity_hash) VALUES(42, '1a02fa81328c163220b7360e9852c7fa')"
    ]
  }
}